pool_a,pool_b,offset_a_vs_b
1,2,-1.783065183290528
1,3,-19.4622485718758
1,4,-1.0713952804079248
1,5,-4.722138578301533
1,6,1.8213215017585926
1,7,-19.967742764923873
1,8,14.072561544703039
1,9,-7.483954881215134
1,10,16.201035630407116
1,11,-25.21707857393821
1,12,-2.8205120724870545
1,13,-7.5630807478623145
1,14,12.277896481243111
1,15,-1.5143184703418051
1,16,9.045134961673254
1,17,-35.286011889307524
1,18,2.8085855131788207
1,19,11.166049423480503
1,20,11.393597940216114
1,21,-6.568524910658761
1,22,-7.739672978577001
1,23,-5.835954812452459
1,24,-11.31650028186639
1,25,-7.345500553119031
1,26,-1.1255015489862294
1,27,-54.97437048102973
1,28,-0.22587086600788975
1,29,-8.061020104806117
1,30,-4.946297095910055
1,31,-10.755917282843422
1,32,-8.839101891734908
1,33,-7.517391932223528
1,34,-0.39832750618528134
1,35,-2.194024151295567
1,36,-6.253140267383171
1,37,-0.8142205857720977
1,38,-15.936978229744778
1,39,-4.71647578934961
1,40,-3.4845014389535836
1,41,5.786336799265628
1,42,-5.902623125463799
1,43,0.2968552259449967
1,44,-7.9824954305013796
1,45,-5.83156035933586
1,46,9.622819383275555
1,47,0.9525847768883391
1,48,0.793062229496118
1,49,0.5512968213993165
1,50,-0.6426955379600983
1,51,-0.9120770168672615
1,52,0.6828368386389428
1,53,0.34467887591545254
1,54,0.0
1,55,0.1458769398798502
1,56,0.0
2,3,-36.70792776659718
2,4,-47.80265486906964
2,5,8.295543527363185
2,6,18.630368147129886
2,7,-16.893657999245413
2,8,-19.67372747165025
2,9,-13.263266256207027
2,10,-14.344008254431518
2,11,-50.96127695786731
2,12,-16.01993626682891
2,13,-20.333260657367678
2,14,-38.31024510946452
2,15,0.1251836250966174
2,16,-5.842421104162379
2,17,-45.64319036104614
2,18,6.099998689221692
2,19,-13.712651804453598
2,20,-35.35995294381183
2,21,-9.034093647269344
2,22,-1.0704389460955155
2,23,-10.798393613916858
2,24,-30.293184166726512
2,25,6.527337560430917
2,26,2.2402384868589293
2,27,-9.627820323743697
2,28,-7.854622837326157
2,29,-4.66610178081738
2,30,-31.251960933749324
2,31,-8.562296888774155
2,32,-7.1133371598237085
2,33,-8.647552098298704
2,34,1.3833124628243232
2,35,-1.7159277294514235
2,36,-2.3108752873464677
2,37,-1.7346253232646747
2,38,-8.713784332488114
2,39,-2.3742931513517442
2,40,2.88427933713535
2,41,-2.108561450866919
2,42,0.7349818867750144
2,43,36.06870709162541
2,44,-9.728464042770499
2,45,-11.215039950375889
2,46,-12.421772142875275
2,47,4.434178501262586
2,48,-0.003301099115258875
2,49,-3.438518121685464
2,50,0.7945240996628679
2,51,2.885055808233969
2,52,2.1534860851440616
2,53,0.2074180301970259
2,54,0.0
2,55,0.0
2,56,-0.27501252206155774
3,4,-20.66077222153925
3,5,3.5434511974665748
3,6,-14.479783907505025
3,7,1.0102554938672026
3,8,-2.599736435145864
3,9,-9.00483124295174
3,10,-11.625026484279099
3,11,-30.98744108305789
3,12,-7.722101977921012
3,13,-12.909868295337528
3,14,-5.761333798019116
3,15,-38.08067063176594
3,16,5.842008702995793
3,17,-22.953997612890163
3,18,-4.764085119712254
3,19,-53.03816057584125
3,20,-3.882708442373983
3,21,-7.901546041342465
3,22,5.421656563733628
3,23,5.198085617557603
3,24,25.179604724834288
3,25,-25.071550874755765
3,26,-8.144112138038167
3,27,-25.22771842399852
3,28,1.1453488937482859
3,29,-0.6104284232318766
3,30,4.803109646956957
3,31,1.5259099252233064
3,32,0.7386508430411524
3,33,-9.718132631317408
3,34,-1.266094007217752
3,35,-0.7630129522071528
3,36,-3.5543991636299115
3,37,-1.4732687129235782
3,38,-7.811304643782631
3,39,-7.980817324109264
3,40,3.651605514054464
3,41,-3.5306240598732876
3,42,-11.916096741568355
3,43,-8.27759142863248
3,44,-1.2294632672100592
3,45,0.0020476851093584637
3,46,8.731711731238041
3,47,-1.6935214287880123
3,48,0.9516380491582996
3,49,1.3947974678714676
3,50,-0.05017674486019947
3,51,-0.560546933213156
3,52,-0.7784213568614156
3,53,0.00048105736959317514
3,54,0.0
3,55,0.6846985714205296
3,56,-3.665240192927965
4,5,20.98764516586638
4,6,-4.07811105554319
4,7,-11.9971364411219
4,8,23.22851295130605
4,9,9.180895678139889
4,10,6.206417471790186
4,11,-47.64360189448403
4,12,5.693760254377335
4,13,10.58053647828053
4,14,43.9034090596484
4,15,-50.84888223618366
4,16,8.731328401638192
4,17,-32.18820826704581
4,18,7.075413357594847
4,19,-1.7013826499918783
4,20,-19.538310198993198
4,21,-0.8047973433410889
4,22,-0.11309232974210841
4,23,-2.6015014661831257
4,24,-8.959775851819613
4,25,1.2190320836432222
4,26,-6.046461021756718
4,27,-56.366647831593276
4,28,9.290571735566546
4,29,-7.711471881613559
4,30,9.44798272083383
4,31,12.549604110933652
4,32,1.0502793036311862
4,33,-21.49057760452972
4,34,-3.5916512329852113
4,35,2.3430456994358346
4,36,-1.2147195959431003
4,37,-4.9644463722893075
4,38,1.0595399580414009
4,39,2.2634171498394107
4,40,6.040937881171626
4,41,-1.4511401578116934
4,42,-0.24516561982275073
4,43,-5.000782117636337
4,44,5.619261361371067
4,45,-10.170788647566658
4,46,1.7437657696950097
4,47,3.824097627866659
4,48,-6.881059789386017
4,49,1.8136342188791905
4,50,1.1551732156878343
4,51,-4.3390950850496415
4,52,-1.8125484072942384
4,53,0.10811101038788155
4,54,0.0
4,55,0.29740581473983696
4,56,0.5333402547931527
5,6,-2.9617105557040646
5,7,-23.692766697127315
5,8,-6.05402156790618
5,9,-23.928395807391006
5,10,17.58347720697877
5,11,0.9053842957958744
5,12,-9.101296159274579
5,13,-10.371856929257122
5,14,-10.780588791688555
5,15,-13.095615228330669
5,16,36.920365642627836
5,17,-54.36365568241519
5,18,2.6375898878628923
5,19,7.117264392079585
5,20,-9.702115422915195
5,21,0.19602607786486625
5,22,2.2199748457067354
5,23,-6.44259674386113
5,24,-7.981957553019939
5,25,1.6354365123474126
5,26,-1.84210315989654
5,27,-23.434628011403476
5,28,3.712293606741453
5,29,4.4662371063523265
5,30,-2.8178792985294163
5,31,-2.649370176486357
5,32,-4.988813650774951
5,33,-8.799880271323746
5,34,1.6362445287966634
5,35,3.262817450688517
5,36,-2.0766582113347574
5,37,0.20726379755253538
5,38,-10.170904575260606
5,39,-1.1105770913674549
5,40,-9.593021752199734
5,41,-0.3956714052022002
5,42,1.9823333648961503
5,43,-6.322983662727001
5,44,-0.13582378372195608
5,45,-9.918300131237329
5,46,-3.692996958015918
5,47,3.4932055789644614
5,48,0.16449719133960478
5,49,-2.3114147831190763
5,50,-1.1262593410298198
5,51,-3.213593285000241
5,52,-0.7014694020928919
5,53,0.0
5,54,0.0
5,55,0.021814496694225756
5,56,0.0
6,7,-3.6649259314375278
6,8,5.810027842415943
6,9,-6.994720868656715
6,10,11.622723910345881
6,11,-24.061801713596882
6,12,-3.4122516915149097
6,13,1.704267535015855
6,14,2.943648132433145
6,15,-45.56574280189098
6,16,0.8355852334555273
6,17,-0.8824321339369279
6,18,3.535242540477008
6,19,15.68237695028558
6,20,-0.28335335999104994
6,21,0.9838153310109389
6,22,1.5201441985177835
6,23,-2.0906421969994877
6,24,6.6212980737820235
6,25,-15.742225465721667
6,26,2.7276340730221174
6,27,-11.68179668837713
6,28,0.13573727693632182
6,29,-2.052108680438158
6,30,9.365150137027616
6,31,-1.5418651800868277
6,32,-0.24916906842291284
6,33,-2.204356418794155
6,34,0.08845425995541165
6,35,2.6999374485313536
6,36,-9.23752285220779
6,37,-3.511870515741345
6,38,0.15738041304160555
6,39,2.3366178192205855
6,40,2.4578647400984046
6,41,-2.8324700883978724
6,42,1.3053288224574324
6,43,4.500831334041399
6,44,6.5897241232951345
6,45,-4.8204588081068565
6,46,-0.9891909784233184
6,47,-4.441597301154918
6,48,0.49693774163211124
6,49,0.30037110193091887
6,50,0.0
6,51,-1.872918711321964
6,52,0.6942143339305799
6,53,0.536558204000037
6,54,0.0
6,55,0.0
6,56,0.10366161074153665
7,8,10.107537613837177
7,9,9.171649585946898
7,10,13.88552907175714
7,11,-12.892336180964863
7,12,5.548228722597268
7,13,11.998593337207268
7,14,2.7806071321074946
7,15,-27.883300706928495
7,16,0.8786194720615459
7,17,-58.66280692275501
7,18,7.791174845204248
7,19,-0.8194478140867645
7,20,3.4109871348906413
7,21,7.801223511440309
7,22,4.666957990339167
7,23,9.159100303813961
7,24,-6.8955431119004
7,25,2.5929996348406372
7,26,-2.406747642261412
7,27,-17.819302985233332
7,28,14.017125115157347
7,29,0.786982689755956
7,30,3.1656967391387694
7,31,-2.0066812462402845
7,32,-5.294583070184014
7,33,0.6322476929612079
7,34,6.153204194539122
7,35,-1.2792467661110607
7,36,0.06220940561739014
7,37,0.061762381323304444
7,38,-1.7677776698711207
7,39,5.100768391869926
7,40,-2.814071345514296
7,41,-0.3409854628339357
7,42,2.8668618067035503
7,43,-4.7054940395475
7,44,-1.6479810053461519
7,45,-13.421096249322803
7,46,-5.064763417337946
7,47,-1.2052351796315088
7,48,-0.7165670120657083
7,49,-1.8152451515151187
7,50,0.1392051770755417
7,51,-0.2975786910270352
7,52,-2.013710991709259
7,53,0.0
7,54,0.0
7,55,0.0
7,56,-0.8771966315192266
8,9,-13.224836167760621
8,10,-4.55803820120198
8,11,-20.556905194692742
8,12,12.008493207078542
8,13,5.523420120459743
8,14,-14.912531272594697
8,15,-21.085494105544065
8,16,-6.32055478684053
8,17,-20.876749299560405
8,18,4.0081297287254785
8,19,-1.4858623919311036
8,20,-11.33713587383905
8,21,-1.2433398440434034
8,22,-1.395669580098014
8,23,0.3224802051936254
8,24,-9.88552567381147
8,25,0.14654877140805075
8,26,-4.432914756317719
8,27,-17.539772213958457
8,28,5.792084290558462
8,29,-1.1682343866565765
8,30,-0.3853196121746232
8,31,-1.8897074831898117
8,32,4.804564330887191
8,33,-2.278057507287143
8,34,0.7377391111666136
8,35,2.4344681666161483
8,36,-2.327606544899287
8,37,-3.864026203534904
8,38,6.996221076171816
8,39,-3.644661486969003
8,40,4.295598305615546
8,41,-3.073067112210699
8,42,-3.972490377580254
8,43,7.526823696148191
8,44,-1.2896953827729334
8,45,-4.83976781979633
8,46,-9.742854175287645
8,47,-2.63546757625196
8,48,0.2310061846981866
8,49,-1.0888128261618475
8,50,0.1827579838903999
8,51,-1.4383779992517067
8,52,-0.6405195250758062
8,53,0.3213190975044422
8,54,0.0
8,55,0.20165725095210169
8,56,-0.5192237669850965
9,10,-33.396850804273434
9,11,3.605805433968703
9,12,-4.48811305850587
9,13,16.755552232527887
9,14,12.44868193142077
9,15,17.072216525425418
9,16,8.153613679414269
9,17,-23.927376153684506
9,18,-3.9005939918030115
9,19,-2.3267156309490944
9,20,-2.0653707715986256
9,21,5.705746086794878
9,22,-4.079391478498533
9,23,-5.355674345004238
9,24,-2.7629079558533873
9,25,1.449480351516775
9,26,0.6974421655035902
9,27,-36.83715278874111
9,28,-8.072907780118546
9,29,-1.594304804161527
9,30,-1.5634603645134262
9,31,2.501427161015821
9,32,4.603382220046204
9,33,-9.76939454031244
9,34,1.0008544110469109
9,35,1.7758063632776435
9,36,-1.4107586982771583
9,37,-2.086875775346686
9,38,-5.49139856276578
9,39,0.3549635109479656
9,40,4.335864886659495
9,41,-1.2176964134677155
9,42,-2.475342168085825
9,43,-5.347810677312856
9,44,1.4561460933996027
9,45,3.962498195974745
9,46,4.929346745384306
9,47,1.7275540789730914
9,48,-0.8193556720562005
9,49,0.44633245368097074
9,50,-0.040406221742433766
9,51,-5.200992335853917
9,52,-0.10343235220793702
9,53,0.0
9,54,0.0
9,55,0.40183914795372927
9,56,0.0
10,11,-9.669574196262284
10,12,9.655156339917008
10,13,-8.318808199282818
10,14,-3.81517537336115
10,15,12.122966191694767
10,16,4.177580553424413
10,17,-14.796303278963423
10,18,2.0484191969079983
10,19,-10.26696410023379
10,20,7.364058219188475
10,21,2.621292534140043
10,22,0.46494840053176756
10,23,13.670482013512798
10,24,-6.4345831984822786
10,25,10.452110797588263
10,26,2.640502371419192
10,27,-7.765715873128073
10,28,3.0149071791847737
10,29,-7.638587049905065
10,30,1.1438099077531327
10,31,-7.5869633222000274
10,32,-0.17671236617558955
10,33,-7.814667944197627
10,34,-6.080373757697864
10,35,-5.447135847663656
10,36,-0.5580677966982274
10,37,-3.1347098061431393
10,38,-15.558047275238831
10,39,-5.206094731631191
10,40,-6.79483526721793
10,41,3.263867066340054
10,42,-0.04239366107872222
10,43,2.61941622006033
10,44,-7.301316015257088
10,45,-1.1964312493525062
10,46,-16.835927417066447
10,47,-2.183381691990007
10,48,0.3510202457361188
10,49,0.3944933520753581
10,50,1.4600088489020542
10,51,-0.7078731734611027
10,52,-4.280825163665074
10,53,-1.5327502139712035
10,54,0.0
10,55,0.06280649254318393
10,56,0.29159634534236917
11,12,18.785722408041494
11,13,17.24604435268325
11,14,42.848635972895316
11,15,23.74623835354751
11,16,6.780030174090981
11,17,58.31828221378862
11,18,13.252765441711748
11,19,9.105114127133366
11,20,21.38215097786282
11,21,7.373155956436863
11,22,-1.5383083063392147
11,23,17.115215777985185
11,24,30.50562940935568
11,25,13.39320392569286
11,26,11.954803639764648
11,27,-33.85966268776791
11,28,14.690579863100222
11,29,-2.895468256452743
11,30,4.510178247206363
11,31,20.500947187391354
11,32,19.795025806340487
11,33,19.88399621433619
11,34,11.604408511367742
11,35,-13.075433750432316
11,36,8.010435525745319
11,37,5.592503269125937
11,38,25.09322594487192
11,39,6.2982504806643105
11,40,-32.469523003150016
11,41,1.8350401552855928
11,42,2.329563591509285
11,43,6.0627424192775745
11,44,2.293840230299248
11,45,12.399138948537493
11,46,10.741492206601432
11,47,3.740321919235345
11,48,-2.9958649936897532
11,49,1.0420012128970095
11,50,-8.780321405784063
11,51,-0.05412780268614009
11,52,0.09840504434881853
11,53,-0.5305310260913195
11,54,-6.775139768773839
11,55,0.14465549185439466
11,56,0.018978134309832466
12,13,-9.818061637392319
12,14,-42.92717769206029
12,15,-7.638394366410702
12,16,-27.61568927895608
12,17,-24.657288191628712
12,18,-25.299728595668373
12,19,10.653580117593094
12,20,-8.54611752102284
12,21,14.758450939270917
12,22,9.710681120200535
12,23,-2.948528669772188
12,24,-3.2792904403761525
12,25,5.399159691268506
12,26,-3.688845931221539
12,27,-31.245636797692654
12,28,-7.641962665015621
12,29,1.632960103370716
12,30,5.150875296417844
12,31,7.21443325219755
12,32,11.494583361559787
12,33,-20.919581135726787
12,34,-7.632372874963813
12,35,8.035518362797566
12,36,1.06366161515158
12,37,7.284304266213661
12,38,-23.604515236456283
12,39,0.9822276950948856
12,40,6.706279218917371
12,41,-1.0042626442808285
12,42,-0.9420591702304368
12,43,0.08830067710960687
12,44,2.2707586992667914
12,45,0.7719329064473374
12,46,-0.09766840237788577
12,47,-2.3241552156897223
12,48,0.44081907758978256
12,49,2.8830960776312033
12,50,0.3188304900059792
12,51,-15.085053109567856
12,52,2.2105406859797534
12,53,-0.09365433227608025
12,54,0.13539016144952531
12,55,0.017432592096882225
12,56,-0.26385217089029933
13,14,-10.564597597104418
13,15,-14.791707324057242
13,16,-14.67205491576557
13,17,-33.78832328518781
13,18,-3.840285715416275
13,19,-3.4288367843736522
13,20,-8.497915681017805
13,21,-7.006655219102549
13,22,-2.1224931779762324
13,23,-3.7396316388472934
13,24,-5.488593930967069
13,25,0.5999587661394323
13,26,5.714388608664892
13,27,-19.50606200798336
13,28,12.264806015004833
13,29,-3.3138067110606224
13,30,-0.6092566492923548
13,31,1.7642458399921357
13,32,-5.457468881088654
13,33,4.6557648197884625
13,34,-0.13994311329359385
13,35,-1.6816360350361774
13,36,-3.1719934231650884
13,37,-3.844230933209607
13,38,6.517178011181695
13,39,-1.2170453027022732
13,40,0.33149229097409194
13,41,-1.4514878550210477
13,42,2.1499716129719255
13,43,4.0760805428641
13,44,1.7235077263593748
13,45,5.353079862784061
13,46,9.23242589527591
13,47,0.667119984021358
13,48,-0.6155891447718166
13,49,1.2758320570451651
13,50,-0.8822205379693563
13,51,0.5317370202687757
13,52,1.2721850635239091
13,53,-1.1051462914227526
13,54,0.23612619671383864
13,55,-0.1644420875292012
13,56,0.0
14,15,-44.306797963307766
14,16,-12.703172978007732
14,17,-14.37209131919538
14,18,-0.20609825427481582
14,19,1.9328443409771037
14,20,5.090505248923824
14,21,2.211226353320401
14,22,-3.700809931948385
14,23,20.79979696931939
14,24,4.37064234341867
14,25,2.7716794924582633
14,26,-2.828841383338844
14,27,-37.67077163121141
14,28,-3.751059639300942
14,29,-11.866227332796097
14,30,0.9556637976852336
14,31,11.555252407598035
14,32,-0.10977274264770717
14,33,-10.000079175132653
14,34,6.020453432428294
14,35,-4.062826581209898
14,36,3.102270749278609
14,37,1.9745264331720058
14,38,-8.95096349293672
14,39,-3.043771775790862
14,40,-5.962089066108428
14,41,-2.333348187633801
14,42,1.2962519234115562
14,43,-0.8865522700539512
14,44,2.7621704261395204
14,45,-4.349450559706524
14,46,-6.789964744206839
14,47,-7.637479578985422
14,48,-2.4077639486081974
14,49,0.3971082226321061
14,50,-0.25841482829916707
14,51,-1.1036931322044565
14,52,1.6887293204300682
14,53,0.1926379451571418
14,54,0.0
14,55,0.09180434195859168
14,56,0.0
15,16,13.176471168968206
15,17,-2.3154309251109955
15,18,9.87264514291206
15,19,33.5918010505584
15,20,11.930511164108013
15,21,5.985185622092393
15,22,-4.324112652506746
15,23,2.840512530744169
15,24,7.983979292488595
15,25,31.524800276955194
15,26,8.077730433645094
15,27,-20.671547079634685
15,28,2.298915255822427
15,29,2.595468813313694
15,30,7.512238696094665
15,31,-55.03753402629117
15,32,2.3054301094078697
15,33,6.716465781108986
15,34,10.16061577799192
15,35,-4.264474684536952
15,36,16.91640095900418
15,37,14.507084704261898
15,38,-9.061656867052509
15,39,8.251877907094508
15,40,4.919692572383415
15,41,11.543009308218364
15,42,0.10908263185084097
15,43,5.325238793504288
15,44,6.3010925935177715
15,45,2.6729159754940617
15,46,5.037376050651255
15,47,11.049280716038426
15,48,3.9031285218324863
15,49,1.7137163026052207
15,50,-0.15604238385181082
15,51,-9.258306187829188
15,52,-0.516483198637898
15,53,-0.5303729025687243
15,54,-0.2936973491274882
15,55,1.0617958916742627
15,56,0.5503514542434113
16,17,-27.1808588007642
16,18,2.7858375134433584
16,19,-2.65977677122282
16,20,6.835719743366072
16,21,-7.34681367537963
16,22,1.226968561374461
16,23,-2.97112252786044
16,24,7.429769394298318
16,25,1.255053596381548
16,26,5.014960560564781
16,27,-11.505693191552067
16,28,-2.885975722583682
16,29,3.0696797271507963
16,30,-0.6706220223801082
16,31,-3.8002610639698142
16,32,0.9703356117580787
16,33,-1.3843173394619386
16,34,0.13429090534984264
16,35,2.8370294345878277
16,36,0.6590174593209791
16,37,0.1827668163387534
16,38,-5.657914587352861
16,39,1.8763465236636792
16,40,-2.8046368158387107
16,41,-0.06714349836912611
16,42,-0.9554882932243682
16,43,2.814190176920302
16,44,-0.5661730422527659
16,45,-4.045948445176223
16,46,2.131825307313838
16,47,-0.6657622086918782
16,48,-0.526354275393116
16,49,-0.7260180965729048
16,50,0.06465946445488165
16,51,-0.04416531388077204
16,52,-0.8460168219324998
16,53,0.02882768872483525
16,54,0.0
16,55,0.0
16,56,0.0
17,18,5.345644625733817
17,19,3.442340955618983
17,20,2.03189808767887
17,21,9.497584045805407
17,22,-34.96960571452513
17,23,18.54346670626158
17,24,17.840929872705374
17,25,-0.050098780633253306
17,26,-6.715675137093202
17,27,-12.360902999581333
17,28,25.90048807279813
17,29,-31.106255644871915
17,30,-1.1231376116318954
17,31,-5.024851080561275
17,32,-7.053483737516091
17,33,-3.3870802896760557
17,34,4.6450985531762825
17,35,1.4546345567795074
17,36,-0.842761957026816
17,37,2.1085157383907975
17,38,7.257753946221122
17,39,4.6319107370810375
17,40,-14.493734273917795
17,41,-2.2441109177405543
17,42,1.6178820197489348
17,43,1.7380417674497681
17,44,1.4393216555204202
17,45,-12.622847784938996
17,46,9.689172113178545
17,47,-1.8495399118500773
17,48,-0.17796131560963394
17,49,-0.18186587224577858
17,50,6.6047972202120135
17,51,0.7612881447820272
17,52,0.5555375517860575
17,53,0.0
17,54,-0.987323455115799
17,55,0.004263820025148803
17,56,0.18430466092392198
18,19,-0.5124667202745763
18,20,2.6881023450884873
18,21,-0.7000015038104428
18,22,-3.780137529193225
18,23,12.190598912463047
18,24,-5.84268255457589
18,25,-2.8510483406687332
18,26,-4.66087262697311
18,27,-14.230290449390049
18,28,0.16591895832560727
18,29,-4.584338442186386
18,30,2.7652236211444023
18,31,-3.6035678077882523
18,32,-1.3992908417676857
18,33,0.6044283759715476
18,34,-0.2408705007147474
18,35,0.5787834660767822
18,36,-0.10583553201306416
18,37,2.9283046594595237
18,38,2.103252105874891
18,39,-0.7459360659203884
18,40,2.6315501181355083
18,41,-0.5100972698727791
18,42,-1.310100608243675
18,43,8.12852647641949
18,44,0.27601904252275616
18,45,0.546645796825918
18,46,1.8050624045714574
18,47,-0.2825388729377517
18,48,1.5227207069719173
18,49,0.1571747745452781
18,50,0.9336051348080683
18,51,1.7136162688724257
18,52,-2.611108637303612
18,53,0.7684977288809308
18,54,0.0
18,55,0.0
18,56,0.0
19,20,6.554692064368889
19,21,11.7578433318845
19,22,-1.6128034662930393
19,23,0.351814251589551
19,24,2.565497836488744
19,25,-26.63664475092222
19,26,-0.6294961856459397
19,27,-3.228778069251309
19,28,-1.1080060771535136
19,29,-0.0344877053792028
19,30,3.806367019667601
19,31,2.0712498511924906
19,32,-0.22712140738389314
19,33,0.733834636118933
19,34,-2.7301210850366195
19,35,1.5324077618686285
19,36,-4.243249961290119
19,37,-3.5993378131637184
19,38,3.1868206799667447
19,39,8.663438656593788
19,40,0.9047573329784868
19,41,-3.4161303037392083
19,42,5.576916763582047
19,43,3.9506611962951537
19,44,0.27629735627704666
19,45,-0.5927305712623554
19,46,0.5407545198871944
19,47,-18.42583743617555
19,48,-0.05064440185360897
19,49,0.3310127349893708
19,50,0.0
19,51,-1.795745032693945
19,52,0.1495974364303557
19,53,-0.43692069970614933
19,54,0.0
19,55,0.0
19,56,0.5071706008804454
20,21,-1.8464438938542749
20,22,0.21533850309648978
20,23,-2.8174791838295876
20,24,-3.789212930928185
20,25,-2.699120489469087
20,26,-15.052762583972862
20,27,-34.98149655329027
20,28,-4.505803181496301
20,29,-3.350272422506748
20,30,4.860183364991052
20,31,3.04917743150424
20,32,-0.7775371507864269
20,33,-23.41083880655091
20,34,-8.085913139695522
20,35,1.811095032630776
20,36,-4.776513101444834
20,37,-3.5571772217094573
20,38,-0.6328017206782982
20,39,-0.5120052365136358
20,40,2.0086420142562544
20,41,-0.14071560282223353
20,42,-0.08978833693384942
20,43,-23.49339585712286
20,44,0.4708971419608795
20,45,-1.7361468002155163
20,46,-6.114851810809159
20,47,-2.4318210077906772
20,48,1.2813968403219207
20,49,2.200814816491405
20,50,-0.20767068723817575
20,51,-3.1992451527024746
20,52,0.6752768451669093
20,53,0.7709370073953008
20,54,0.0
20,55,2.032708676899109
20,56,0.0
21,22,0.38136186913577735
21,23,-1.2060340033352375
21,24,-1.9217736106653085
21,25,-3.258483110660187
21,26,-1.3437672047075888
21,27,-10.489975139051973
21,28,-5.266228712338747
21,29,-4.757684519480285
21,30,-3.794233815510596
21,31,2.6160897474518965
21,32,-0.8111102593015622
21,33,-3.9075940784820267
21,34,0.6580158050285435
21,35,0.98105521323129
21,36,-0.918683308239906
21,37,0.4344151896942003
21,38,-2.0456670847407152
21,39,7.94176288932343
21,40,-1.1780493475674652
21,41,-4.024586627054723
21,42,8.391922640844395
21,43,-0.946783677931047
21,44,-0.12373044471408118
21,45,-1.2226064155316716
21,46,-0.3150595000467722
21,47,0.600305741142349
21,48,0.39629034602562124
21,49,-1.2731166226130828
21,50,0.0
21,51,-0.43511042355918933
21,52,0.8353623292245611
21,53,0.0
21,54,0.0
21,55,0.0
21,56,-0.8271569576413057
22,23,1.0925773593418113
22,24,1.4859047846215192
22,25,1.3790695052891604
22,26,4.070218093373273
22,27,-2.5544769326468866
22,28,2.260488129677259
22,29,-11.388195217759648
22,30,0.39562843781886015
22,31,5.1665402831575165
22,32,4.993074489223356
22,33,0.2705137703268489
22,34,-1.1443546974840748
22,35,-22.214495180190028
22,36,-0.5114159021810506
22,37,0.5431572923264782
22,38,4.205824599060153
22,39,0.2635830697660141
22,40,-22.719974910438886
22,41,0.2943150092161649
22,42,-0.13263534470391664
22,43,-0.794732500908191
22,44,-0.6396457768320998
22,45,-3.901249886469957
22,46,-0.47008550666177146
22,47,-0.19999051377956262
22,48,-1.4842417456131254
22,49,-0.08225296768139972
22,50,-2.452155847504224
22,51,4.102186690350506
22,52,0.08789630668887173
22,53,0.0
22,54,0.3776536537114706
22,55,0.0
22,56,0.0
23,24,5.390722160179656
23,25,3.9092922487335313
23,26,-4.243092994246367
23,27,-16.903242444858368
23,28,2.4726162352796046
23,29,-1.0131707897823756
23,30,2.7447993298400433
23,31,-1.9209325266024417
23,32,0.6661841527185494
23,33,10.115513355516498
23,34,-1.781978263092458
23,35,-0.2988024475269862
23,36,1.8151699854519565
23,37,1.3447785403969827
23,38,-0.45261259511388086
23,39,0.8517408119050554
23,40,1.168983336612304
23,41,1.2636336064086178
23,42,0.947903865480111
23,43,3.4563277510877195
23,44,2.240895077715066
23,45,-4.736298488232668
23,46,0.18245371095291668
23,47,-1.0526621104957434
23,48,0.9786690239766633
23,49,1.113732871389161
23,50,-0.4495820987561086
23,51,-1.0205488621198675
23,52,-1.1573558108005602
23,53,0.19388748462236202
23,54,-0.13651311826140913
23,55,0.0
23,56,0.0
24,25,-3.4551651396963257
24,26,-4.091157238018655
24,27,-31.60318393844452
24,28,-2.746654764484787
24,29,0.38998980678864925
24,30,-1.5935210705690406
24,31,-0.8622614027644201
24,32,2.6666167079096494
24,33,-0.08405180414760427
24,34,-8.174238346058987
24,35,0.46762908393491165
24,36,4.173225277735932
24,37,-4.356963935151142
24,38,4.203287612618803
24,39,-0.3212653200540546
24,40,7.93853880865846
24,41,-1.4022535170979809
24,42,-0.008309629020496626
24,43,-6.274633919273001
24,44,-1.0992922898591178
24,45,-5.931883280308825
24,46,3.8261135989417316
24,47,2.008115077766666
24,48,0.7544868103072546
24,49,0.5666281002081609
24,50,-0.11763119778895129
24,51,0.3270137154628705
24,52,1.1013866966174493
24,53,-1.8625738605809765
24,54,0.0
24,55,0.4631438643113474
24,56,0.37933928410145534
25,26,-0.8895759488770884
25,27,0.1320681501476948
25,28,1.3930672184697945
25,29,-0.4382345425293714
25,30,2.9897436841932246
25,31,2.614556196256128
25,32,1.4701048895113313
25,33,-4.208475073093581
25,34,0.7580501271853193
25,35,-0.125610270988412
25,36,-3.6400229741851176
25,37,3.174111174207545
25,38,0.3384067397594128
25,39,-0.4029825185941456
25,40,-1.5479956973052142
25,41,0.6548632307518744
25,42,0.7844059100050871
25,43,3.13542408243867
25,44,2.2795603467434766
25,45,-2.3072842171976657
25,46,-1.1539585054163408
25,47,-0.9408207960718421
25,48,0.8788832184270354
25,49,-0.36510648257968314
25,50,0.0
25,51,-1.539591238974218
25,52,-0.6270078750790146
25,53,-0.09081371892544761
25,54,0.0
25,55,0.11553588214298274
25,56,-0.20268482855517855
26,27,-13.437953825499438
26,28,1.6062205683632136
26,29,-2.2748052563017898
26,30,-0.1743304320818504
26,31,6.558935025894983
26,32,1.3913853302869685
26,33,6.058906344549487
26,34,-0.7916503581051311
26,35,-1.6058656308252663
26,36,2.0829876938039997
26,37,1.7399537266075322
26,38,-1.6879731203230217
26,39,-0.33679880352313296
26,40,2.5123055945241313
26,41,-0.16083839662167945
26,42,-1.7357897154425912
26,43,1.7868891278701506
26,44,-2.626627015303256
26,45,1.6802337944599461
26,46,0.5371449617809646
26,47,0.8617121202569571
26,48,-1.4309375946080123
26,49,-0.13625194323659343
26,50,-0.3709342066297796
26,51,-2.2802506130941134
26,52,-0.28286020700703773
26,53,0.0
26,54,0.0
26,55,0.0
26,56,0.0
27,28,9.18396694546561
27,29,9.293118993965868
27,30,-2.018454899243194
27,31,28.84069110389311
27,32,1.2789735667817996
27,33,40.79610430000718
27,34,11.653370570803066
27,35,0.9145999153409987
27,36,2.2075629208450147
27,37,-0.10535170618400852
27,38,14.455893364254573
27,39,-1.289281792411255
27,40,28.304422286361234
27,41,-6.4212109882243364
27,42,1.5661475831699228
27,43,3.341604975745152
27,44,-1.057615837409745
27,45,5.2254094587759585
27,46,5.580618612996111
27,47,7.8829725821457535
27,48,-0.17582575998861277
27,49,-0.007183710339362271
27,50,-0.05307459542912427
27,51,-0.9652675736271139
27,52,-1.3158677972815371
27,53,-0.3991359587812823
27,54,0.0
27,55,1.6860306399996388
27,56,0.0
28,29,4.535622119160953
28,30,-2.1567478588041626
28,31,1.932592446884142
28,32,5.683681742537411
28,33,-4.609619467493709
28,34,1.3952850340144995
28,35,2.4137448110039905
28,36,-3.749472028984567
28,37,-2.756829878171287
28,38,-11.541911049787931
28,39,-0.15003850984431705
28,40,-3.527605998543758
28,41,1.6282048901093304
28,42,0.5489463459887843
28,43,6.576201219044273
28,44,-1.5101627956754293
28,45,-6.17489961508785
28,46,-2.1629283446450427
28,47,2.546363207959006
28,48,1.1711144160488953
28,49,-0.6074860972771605
28,50,0.4607092420108211
28,51,-0.40686157276013696
28,52,-0.5721590271907705
28,53,-0.2016732080406736
28,54,-0.13777508115864676
28,55,0.0
28,56,0.0
29,30,-0.06717836985357244
29,31,0.5217321719138035
29,32,-2.9506679472347446
29,33,1.255794077000263
29,34,2.533295062128976
29,35,-8.535453411131211
29,36,0.500299442425826
29,37,0.1485250282151954
29,38,-0.1810941189215195
29,39,-0.20821765427154504
29,40,1.4238873015663271
29,41,0.32205556108796235
29,42,0.13351948878999367
29,43,0.2133552874810568
29,44,0.34084985018201847
29,45,-1.3741707860697463
29,46,0.8159979082077026
29,47,0.10702628056003816
29,48,-0.17718792652070442
29,49,0.0
29,50,-3.8364340477168413
29,51,-1.0390854073972946
29,52,-0.1933329968875378
29,53,0.0
29,54,-0.584322101379296
29,55,0.0
29,56,0.0
30,31,1.372488902166369
30,32,-0.5073371473373288
30,33,-3.178862999675863
30,34,0.04226231646277309
30,35,0.6729775544800247
30,36,-1.2125469511521971
30,37,-0.6691363577759954
30,38,-2.782577919773932
30,39,-4.992181092614253
30,40,-0.14065889425912595
30,41,-1.2283638406071162
30,42,-6.462945778746379
30,43,-0.5938683963783947
30,44,0.741669644110972
30,45,-0.21494616756939175
30,46,-1.475207395457896
30,47,1.0186275220222534
30,48,0.0
30,49,-0.687496443697455
30,50,0.08455978610840742
30,51,-0.510576593452811
30,52,0.6539566783838375
30,53,0.0
30,54,0.0
30,55,0.0
30,56,0.28218693111980975
31,32,-0.588673268362514
31,33,-2.8115099488766306
31,34,-8.539042767230688
31,35,-0.3570089831759827
31,36,-3.0047208450238845
31,37,-0.22864451906505176
31,38,-0.4141466758905297
31,39,0.3476760407077841
31,40,0.03374132033874705
31,41,-3.4714268926744993
31,42,-0.06103327233992501
31,43,1.30872408130616
31,44,1.2450033407259102
31,45,0.8388893799059994
31,46,-0.12521489028763255
31,47,-4.23145023661373
31,48,-0.7575687674781129
31,49,0.24187389720458938
31,50,0.19604126548220607
31,51,0.4751507486142266
31,52,-1.892673542993652
31,53,0.20199506378038323
31,54,0.0
31,55,4.37263136752614
31,56,-0.1441821403633844
32,33,-1.1016060523148652
32,34,-0.4160011058748087
32,35,-2.163405780902247
32,36,-0.29665611341449544
32,37,-0.29525088638060526
32,38,-1.4432538205363603
32,39,0.36234016599135227
32,40,-2.2123989037885194
32,41,-0.3000214141656401
32,42,-0.16304685875154137
32,43,-0.01715361996505832
32,44,0.2864048455548387
32,45,2.777922029364337
32,46,-0.4714197844971985
32,47,0.032474266980123186
32,48,0.04638868442951554
32,49,0.0
32,50,0.1568316719894776
32,51,-0.8200742169077072
32,52,-0.2071809601143174
32,53,0.0
32,54,0.4826326149539678
32,55,0.0
32,56,0.0
33,34,0.3218209282264628
33,35,3.0981974049059167
33,36,2.4119495528903836
33,37,1.8471973235072343
33,38,-2.65961842198248
33,39,1.3667901245814018
33,40,1.7586121772076266
33,41,-0.7049554288601663
33,42,-2.4525220624161213
33,43,2.085239899794398
33,44,2.3972639032641423
33,45,3.7197923822348367
33,46,3.6858747632439792
33,47,0.5150974965153229
33,48,-0.04189940442768982
33,49,0.9178741963863658
33,50,-1.8469896023651124
33,51,-3.308760979615063
33,52,-0.05380191563848354
33,53,0.0
33,54,0.32612589272373016
33,55,0.005756409888004618
33,56,0.0
34,35,-0.7269955645081336
34,36,0.14164123643355506
34,37,-0.15803583470167962
34,38,-0.5771002267620673
34,39,0.15384120048970926
34,40,10.786651819769348
34,41,-1.1927612191322972
34,42,-0.1614242718338801
34,43,-0.23601031315348897
34,44,-0.39468019780553676
34,45,0.3635593098623697
34,46,-2.1627925413310383
34,47,-0.557092129613725
34,48,-1.1362644691520798
34,49,-0.009765197604688164
34,50,0.0
34,51,-0.03584304463899171
34,52,-0.030525971602225983
34,53,0.18772199418553542
34,54,0.0
34,55,0.30197029336777825
34,56,0.0
35,36,-0.18311147550868948
35,37,-0.13648018276809976
35,38,1.4312384058698389
35,39,-1.2081920196980245
35,40,1.6647159123165451
35,41,-0.026785516924581993
35,42,-0.3654894554263586
35,43,-1.200826433523684
35,44,-0.17778367308394172
35,45,-0.6198300810824895
35,46,-1.3186018229877818
35,47,-0.5076447189348643
35,48,-0.3111388170695969
35,49,-0.14847024579230927
35,50,-3.1700017412678547
35,51,-1.5193662272326776
35,52,-0.21408631642137843
35,53,0.17490402244701822
35,54,1.1777303606757252
35,55,0.0
35,56,0.0
36,37,2.4609958725663166
36,38,1.3035303742694524
36,39,-0.4605029439722441
36,40,0.2458555087393641
36,41,-1.4862536828230648
36,42,-0.6871894122591495
36,43,6.500568698423749
36,44,0.4426514684577314
36,45,-0.4577404427756276
36,46,3.5889740682050206
36,47,3.029698482249625
36,48,0.22042932381898636
36,49,-0.06976772811970226
36,50,0.0
36,51,-0.22162714912990278
36,52,-0.17589592454606034
36,53,0.7721449041375015
36,54,0.0
36,55,0.9719641598675328
36,56,0.0
37,38,-1.8425393878056595
37,39,2.9178909880141206
37,40,1.675668190084099
37,41,1.5790664080066517
37,42,1.5114329785979121
37,43,-2.5432638287976217
37,44,0.12430777353060152
37,45,0.49402735226735944
37,46,0.011044590216427301
37,47,-3.429462047394394
37,48,0.36757050712138717
37,49,0.251149914360356
37,50,0.0
37,51,0.23750682744911103
37,52,-0.19178736766729015
37,53,0.0
37,54,0.0
37,55,0.018851905312628883
37,56,0.0
38,39,2.4814648541010875
38,40,0.0660312284018606
38,41,-0.3788556832130315
38,42,-0.27686367654624644
38,43,-1.9010284628347
38,44,0.8256106168159538
38,45,-11.509268456037
38,46,3.304592216387008
38,47,-0.869005004827118
38,48,0.5029106742111847
38,49,0.834406422252278
38,50,-0.5961449122685182
38,51,-0.2913507324423441
38,52,0.1927083078109193
38,53,0.0
38,54,0.0
38,55,0.008181342543848509
38,56,0.0
39,40,-1.9598903856940009
39,41,0.3651834732715561
39,42,-0.3552032806651084
39,43,0.45483508723009447
39,44,7.145013579884649
39,45,-0.48928038771620047
39,46,0.22206548021648853
39,47,0.16655183107204297
39,48,0.112015806077187
39,49,0.11866516839383266
39,50,0.0
39,51,0.0
39,52,-2.4886912414523548
39,53,0.0
39,54,0.0
39,55,0.0
39,56,0.17534916979769366
40,41,-2.3848120308180154
40,42,-0.029211289393041764
40,43,2.0283161519737503
40,44,-0.6208635183729473
40,45,1.2912549409912983
40,46,-0.6497611908515821
40,47,-0.16271880883563333
40,48,-2.199117708604106
40,49,-0.15353310731205672
40,50,-1.191447471082809
40,51,1.6377789629731574
40,52,-0.05635646506453417
40,53,0.03867036892948054
40,54,0.6824348693786524
40,55,-0.0689084685407024
40,56,0.0
41,42,0.45468596455791227
41,43,0.30507828259196845
41,44,-0.09465168642441577
41,45,-0.2220947189660364
41,46,-0.45493346162810194
41,47,0.902767478120587
41,48,0.0
41,49,0.29062318473674215
41,50,0.0
41,51,0.09262188382929061
41,52,0.4216473955169136
41,53,0.27630064775474467
41,54,0.0
41,55,0.19186868083926284
41,56,0.0
42,43,-0.19791915086788262
42,44,11.882465091882676
42,45,0.010381178833097303
42,46,-0.34175623767774854
42,47,-0.2478140279717744
42,48,-0.15745762492029805
42,49,-0.2867747747725131
42,50,0.0
42,51,-0.05106870329513522
42,52,0.3096237848806104
42,53,0.0
42,54,0.0
42,55,0.0
42,56,0.5663016866202193
43,44,0.947892574068447
43,45,1.9124376882838088
43,46,-0.6887584337733665
43,47,0.32168019261636144
43,48,0.6958153898590308
43,49,-0.6911870119946094
43,50,0.0
43,51,0.36241420106462724
43,52,0.9019173776454653
43,53,0.29451775750083825
43,54,0.0
43,55,1.1587432552627694
43,56,0.0
44,45,-0.4787332119648213
44,46,-0.2580279190707484
44,47,0.0670884466026575
44,48,-0.04436365901545284
44,49,-0.07008962089893234
44,50,0.0
44,51,-0.3218605558056525
44,52,0.7612075205994075
44,53,0.0
44,54,0.0
44,55,0.0
44,56,-0.29296356304924764
45,46,3.0905714598878875
45,47,0.375634135596394
45,48,-0.21857446806020345
45,49,0.03447799224666295
45,50,-0.8524042456454244
45,51,0.10039860181647658
45,52,-0.016909810661719097
45,53,0.0
45,54,0.19000471165607416
45,55,0.0
45,56,0.0
46,47,0.7834668055501658
46,48,-0.37210611937027477
46,49,-0.5678270685206743
46,50,0.0
46,51,-0.2976530144278139
46,52,-0.6420274584407085
46,53,0.0829213620086465
46,54,0.0
46,55,0.0
46,56,0.0
47,48,-1.1559510178738224
47,49,0.0
47,50,0.21275416949775033
47,51,-0.3383685587351097
47,52,-1.0100707750679818
47,53,1.102918175733594
47,54,0.0
47,55,1.900840160831563
47,56,0.0
48,49,0.0
48,50,0.0
48,51,0.5387471290679733
48,52,-0.14559758563279568
48,53,0.30117201091699797
48,54,0.0
48,55,0.0
48,56,0.0
49,50,0.0
49,51,0.0
49,52,0.0
49,53,0.0
49,54,0.0
49,55,0.0
49,56,0.0
50,51,0.4439800388501262
50,52,0.0
50,53,0.0
50,54,0.03581233172807995
50,55,0.0
50,56,0.0
51,52,-0.2126336654011408
51,53,0.014720256661562486
51,54,0.0
51,55,0.0
51,56,0.0
52,53,-0.23142853565485677
52,54,0.0
52,55,1.0842861985288563
52,56,0.0
53,54,0.0
53,55,0.7158050335516655
53,56,0.0
54,55,0.0
54,56,0.0
55,56,0.0
